<?xml
version="1.0" encoding="iso-8859-1"?>
<!--Vector Test Automation Editor 2.0.37.0-->
<testmodule title="SmokeTest" version="1.0">
    <testgroup title="Network Management">
        <testcase ident="st_nm_tc1" title="Check transmission of NM PDU">
            <capltestfunction name="st_nm_tc1"/>
        </testcase>
		<testcase ident="Check_CAN_NM_PDU_Transmission_Time" title="Check CAN_NM PDU Transmission Time">
            <capltestfunction name="st_nm_tc2" title="Check CAN_NM PDU Transmission Time"/>
        </testcase>
		<testcase ident="Check_transmission_of_UDP_PDU" title="Check transmission of UDP PDU">
            <capltestfunction name="st_nm_tc3" title="Check transmission of UDP PDU"/>
        </testcase>
		<testcase ident="Check_ECU_ID" title="Check ECU ID">
            <capltestfunction name="st_nm_tc4" title="Check ECU ID"/>
        </testcase>
		<testcase ident="Check_Network_ID" title="Check Network ID">
            <capltestfunction name="st_nm_tc5" title="Check Network ID"/>
        </testcase>
	</testgroup>
</testmodule>

