[
    {
        "key_string": [
            "Response not complete"
        ],
        "regex": [],
        "Summary": "Response not complete.",
        "issue": "Unexpected behaviour"
    },
    {
        "key_string": [
            "No response from ECU"
        ],
        "regex": [],
        "Summary": "No response from ECU.",
        "issue": "Unexpected behaviour"
    },
    {
        "key_string": [
            "Response too late"
        ],
        "regex": [],
        "Summary": "Response too late.",
        "issue": "Response timeout"
    },
    {
        "key_string": [
            "Received a response, but no response expected - response should be suppressed"
        ],
        "regex": [],
        "Summary": "Received a response, but no response expected - response should be suppressed.",
        "issue": "Unexpected behaviour"
    },
    {
        "key_string": [
            "Expected a negative response (NRC 0x13) - last received response was positive"
        ],
        "regex": [],
        "Summary": "Expected a negative response (NRC 0x13) - last received response was positive.",
        "issue": "Unexpected behaviour"
    },
    {
        "key_string": [
            "Expected a negative response (NRC 0x31) - last received response was positive"
        ],
        "regex": [],
        "Summary": "Expected a negative response (NRC 0x31) - last received response was positive..",
        "issue": "Unexpected behaviour"
    },
    {
        "key_string": [
            "Expected a positive response - last received response was negative (NRC 0x10)"
        ],
        "regex": [],
        "Summary": "Expected a positive response - last received response was negative (NRC 0x10).",
        "issue": "Unexpected behaviour"
    },
    {
        "key_string": [
            "Expected a positive response - last received response was negative (NRC 0x13)"
        ],
        "regex": [],
        "Summary": "Expected a positive response - last received response was negative (NRC 0x13).",
        "issue": "Unexpected behaviour"
    },
    {
        "key_string": [
            "Expected a positive response - last received response was negative (NRC 0x22)"
        ],
        "regex": [],
        "Summary": "Expected a positive response - last received response was negative (NRC 0x22).",
        "issue": "Unexpected behaviour"
    },
    {
        "key_string": [
            "Expected a positive response - last received response was negative (NRC 0x24)"
        ],
        "regex": [],
        "Summary": "Expected a positive response - last received response was negative (NRC 0x24).",
        "issue": "Unexpected behaviour"
    },
    {
        "key_string": [
            "Expected a positive response - last received response was negative (NRC 0x31)"
        ],
        "regex": [],
        "Summary": "Expected a positive response - last received response was negative (NRC 0x31).",
        "issue": "Unexpected behaviour"
    },
    {
        "key_string": [
            "Expected a positive response - last received response was negative (NRC 0x34)"
        ],
        "regex": [],
        "Summary": "Expected a positive response - last received response was negative (NRC 0x34).",
        "issue": "Unexpected behaviour"
    },
    {
        "key_string": [
            "The returned DTCStatusAvailabilityMask is 0xFF. It shall be 0xBD"
        ],
        "regex": [],
        "Summary": "The returned DTCStatusAvailabilityMask is 0xFF. It shall be 0xBD.",
        "issue": "Unexpected behaviour"
    },
    {
        "key_string": [
            "DTC",
            "reports status mask 0x40",
            "Some bits are not supported (status availability mask is 0xBD)"
        ],
        "regex": [],
        "Summary": "DTC reports status mask 0x40. Some bits are not supported (status availability mask is 0xBD).",
        "issue": "Unexpected behaviour"
    },
    {
        "key_string": [
            "Received data",
            "No fitting interval"
        ],
        "regex": [],
        "Summary": "Data obtained is not within the range.",
        "issue": "Unexpected behaviour"
    },
    {
        "key_string": [
            "Received data",
            "Value is in a range exclusion"
        ],
        "regex": [],
        "Summary": "Data obtained is not within the range.",
        "issue": "Unexpected behaviour"
    },
    {
        "key_string": [
            "No CAPL testcase"
        ],
        "regex": [],
        "Summary": "Diva issue- test steps are not created.",
        "issue": "Configuration Errors"
    },
    {
        "key_string": [
            "ECU did not send the challenge",
            "No positive response received"
        ],
        "regex": [],
        "Summary": "ECU did not send the challenge. No positive response received.",
        "issue": "Authentication Error"
    },
    {
        "key_string": [
            "EDTCRecord (0x51 0x13 0x00) not conform to data type (RecordDataType)"
        ],
        "regex": [],
        "Summary": "DTCRecord (0x51 0x13 0x00) not conform to data type (RecordDataType).",
        "issue": "Unexpected behaviour"
    }
]