[
    {
        "key_string": [
            "CeBAS Certificates installed in the ECU do not belong to Series"
        ],
        "regex": [],
        "Summary": "CeBAS certificates installed in ECU are not as expected.",
        "issue": "Authentication Error"
    },
    {
        "key_string": [
            "Please install Series CeBAS Certificates in ECU"
        ],
        "regex": [],
        "Summary": "Need to install Series Certificates in ECU.",
        "issue": "Authentication Error"
    },
    {
        "key_string": [
            "Diagnostic authentication certificate request to ZenZefi failed."
        ],
        "regex": [],
        "Summary": "Diagnostic authentication request to ZenZefi failed.",
        "issue": "Authentication Error"
    },
    {
        "key_string": [
            "Sending Car-specific secret broadcast",
            " which is valid failed from the Test environment "
        ],
        "regex": [],
        "Summary": "Sending Car-specific secret broadcast failed in all the attempts.",
        "issue": "Authentication Error"
    },
    {
        "key_string": [
            "Received Active Diagnostic Session"
        ],
        "regex": [
            "= 0x[0-9][A-F]"
        ],
        "Summary": "Received Active Diagnostic Session",
        "issue": "Unexpected behaviour"
    },
    {
        "key_string": [
            "Authentication time Certificate doesn't behave as expected"
        ],
        "regex": [],
        "Summary": "Authentication time Certificate doesn't behave as expected.",
        "issue": "Authentication Error"
    },
    {
        "key_string": [
            "Testcase execution not possible",
            "\"Preparation\" testcase was not executed"
        ],
        "regex": [],
        "Summary": "This testcase requires the SSA version information from the ECU.",
        "issue": "Insufficient Information"
    },
    {
        "key_string": [
            "Received Diagnostic_Authentication_Certificate serial number = 0xFF",
            "Expected Diagnostic_Authentication_Certificate serial number"
        ],
        "regex": [],
        "Summary": "After sending Authentication request, ECU still in De-authenticated state.",
        "issue": "Unexpected behaviour"
    },
    {
        "key_string": [
            "Received Diagnostic_Authentication_Certificate serial number",
            "Expected Diagnostic_Authentication_Certificate serial number = 0xFF"
        ],
        "regex": [],
        "Summary": "After sending De-authentication request, ECU still in Authenticated state.",
        "issue": "Unexpected behaviour"
    },
    {
        "key_string": [
            "Positive",
            "response",
            "received",
            "Expected negative response"
        ],
        "regex": [],
        "Summary": "Positive response received.",
        "issue": "Unexpected behaviour"
    },
    {
        "key_string": [
            "Positive",
            "response",
            "received"
        ],
        "regex": [],
        "Summary": "Positive response received.",
        "issue": "Unexpected behaviour"
    },
    {
        "key_string": [
            "No Response for Diagnostic service"
        ],
        "regex": [
            "\\d{2} \\d{2} \\d{2}"
        ],
        "Summary": "Did not receive response for diagnostic service: ",
        "issue": "Authentication Error"
    },
    {
        "key_string": [
            "Received",
            "Expected",
            "VIN Status Information"
        ],
        "regex": [],
        "Summary": "Received VIN Status Information was not as expected.",
        "issue": "Incorrect Response"
    },
    {
        "key_string": [
            "Received time in the ECU",
            "Expected time in the ECU"
        ],
        "regex": [],
        "Summary": "Received Secured_System_Date_and_Time is not as Expected.",
        "issue": "Timing Error"
    },
    {
        "key_string": [
            "Received Diagnostic_Authentication_Certificate serial number",
            "Expected Diagnostic_Authentication_Certificate serial number"
        ],
        "regex": [],
        "Summary": "Received serial number of certificate was not as expected.",
        "issue": "Authentication Error"
    },
    {
        "key_string": [
            "Signing request to ZenZefi failed."
        ],
        "regex": [],
        "Summary": "Signing request to ZenZefi failed.",
        "issue": "Zenzefi Error"
    },
    {
        "key_string": [
            "Received Diagnostic_Authentication_Certificate serial number = 0xFF."
        ],
        "regex": [],
        "Summary": "ECU is in unauthenticated state.",
        "issue": "Unexpected behaviour"
    },
    {
        "key_string": [
            "ECU is in unauthenticated state"
        ],
        "regex": [],
        "Summary": "ECU is in unauthenticated state.",
        "issue": "Unexpected behaviour"
    },
    {
        "key_string": [
            "Sending Authentication broadcast with valid CMAC,",
            "payload and truncated freshness failed"
        ],
        "regex": [],
        "Summary": "Sending Authentication broadcast and payload failed in all the attempts.",
        "issue": "Authentication Error"
    },
    {
        "key_string": [
            "Sending Authentication broadcast with manipulated cmac",
            "failed from the Test environment in all the 10 attempts"
        ],
        "regex": [],
        "Summary": "Sending Authentication broadcast and payload failed in all the attempts.",
        "issue": "Authentication Error"
    },
    {
        "key_string": [
            "Decoding of the received CSR failed"
        ],
        "regex": [
            "MSS\\d+"
        ],
        "Summary": "Failed to decode received CSR. Expected CSR format:",
        "issue": "Verification Error"
    },
    {
        "key_string": [
            "The ECU does not have a valid Trust Model Certificate Chain installed"
        ],
        "regex": [],
        "Summary": "ECU does not have a valid Trust Model Certificate Chain installed.",
        "issue": "Authentication Error"
    },
    {
        "key_string": [
            "Verification of the CSR signature failed"
        ],
        "regex": [],
        "Summary": "Verification of the CSR signature failed",
        "issue": "Verification Error"
    },
    {
        "key_string": [
            "Failed to decode the certificate"
        ],
        "regex": [],
        "Summary": "Failed to decode the certificate.",
        "issue": "Verification Error"
    },
    {
        "key_string": [
            "Cannot verify the certificate chain"
        ],
        "regex": [],
        "Summary": "Cannot verify the certificate chain.",
        "issue": "Verification Error"
    },
    {
        "key_string": [
            "Received Verification result",
            "Expected Verfication result"
        ],
        "regex": [],
        "Summary": "Verification result was not as expected.",
        "issue": "Verification Error"
    },
    {
        "key_string": [
            "Trust Model Root",
            "certificate does not match the expected"
        ],
        "regex": [],
        "Summary": "Received certificate does not match expected certificate",
        "issue": "Authentication Error"
    },
    {
        "key_string": [
            "The ECU does not have a valid Trust Model Certificate Chain installed.",
            "This is confirmed by value of switch"
        ],
        "regex": [],
        "Summary": "The ECU does not have a valid Trust Model Certificate Chain installed.",
        "issue": "Authentication Error"
    },
    {
        "key_string": [
            "Received incorrect date and time"
        ],
        "regex": [],
        "Summary": "Received incorrect date and time.",
        "issue": "Incorrect Response"
    },
    {
        "key_string": [
            "ECU did not store the tickcount when it received the real-time offset broadcast"
        ],
        "regex": [],
        "Summary": "Received incorrect tick count.",
        "issue": "Timing Error"
    },
    {
        "key_string": [
            "Received",
            "Expected",
            "tickcounts are not the same"
        ],
        "regex": [],
        "Summary": "Received incorrect tick count.",
        "issue": "Timing Error"
    },
    {
        "key_string": [
            "Received",
            "Expected",
            "VIN"
        ],
        "regex": [],
        "Summary": "Received incorrect VIN.",
        "issue": "Incorrect Response"
    },
    {
        "key_string": [
            "Received incorrect VIN"
        ],
        "regex": [],
        "Summary": "Received incorrect VIN.",
        "issue": "Incorrect Response"
    },
    {
        "key_string": [
            "Sending Authentication broadcast",
            "with manipulated truncated freshness failed"
        ],
        "regex": [],
        "Summary": "Sending Authentication broadcast and payload failed in all the attempts.",
        "issue": "Authentication Error"
    },
    {
        "key_string": [
            "Sending Authentication broadcast",
            "with manipulated payload",
            "failed from the Test environment in all the 10 attempts"
        ],
        "regex": [],
        "Summary": "Sending Authentication broadcast and payload failed in all the attempts.",
        "issue": "Authentication Error"
    },
    {
        "key_string": [
            "Sending Authentication broadcast with frehnessValue of +140 ticks",
            "failed from the Test environment"
        ],
        "regex": [],
        "Summary": "Sending Authentication broadcast with certain frehnessValue failed in all the attempts.",
        "issue": "Authentication Error"
    },
    {
        "key_string": [
            "Sending Authentication broadcast with frehnessValue of -140 ticks",
            "failed from the Test environment"
        ],
        "regex": [],
        "Summary": "Sending Authentication broadcast with certain frehnessValue failed in all the attempts.",
        "issue": "Authentication Error"
    },
    {
        "key_string": [
            "Sending Authentication broadcast with frehnessValue of +110 ticks",
            "failed from the Test environment"
        ],
        "regex": [],
        "Summary": "Sending Authentication broadcast with certain frehnessValue failed in all the attempts.",
        "issue": "Authentication Error"
    },
    {
        "key_string": [
            "Sending Authentication broadcast with frehnessValue of -110 ticks",
            "failed from the Test environment"
        ],
        "regex": [],
        "Summary": "Sending Authentication broadcast with certain frehnessValue failed in all the attempts.",
        "issue": "Authentication Error"
    },
    {
        "key_string": [
            "Sending Realtime offset broadcast with manipulated payload",
            "failed from the Test environment in all the 10 attempts"
        ],
        "regex": [],
        "Summary": "Sending Realtime offset broadcast failed.",
        "issue": "Authentication Error"
    },
    {
        "key_string": [
            "Sending Realtime offset broadcast with valid CMAC,",
            "payload and truncated freshness failed from the Test environment"
        ],
        "regex": [],
        "Summary": "Sending Realtime offset broadcast failed.",
        "issue": "Authentication Error"
    },
    {
        "key_string": [
            "Sending Realtime offset broadcast with manipulated cmac",
            "failed from the Test environment in all the 10 attempts"
        ],
        "regex": [],
        "Summary": "Sending Realtime offset broadcast failed.",
        "issue": "Authentication Error"
    },
    {
        "key_string": [
            "Sending Secure VIN broadcast with valid CMAC,",
            "payload and truncated freshness failed from the Test environment"
        ],
        "regex": [],
        "Summary": "Sending Secure VIN broadcast and payload failed in all the attempts.",
        "issue": "Authentication Error"
    },
    {
        "key_string": [
            "Received VIN",
            "Expected VIN"
        ],
        "regex": [],
        "Summary": "Setting VIN to a non-default value was not successful",
        "issue": "Unexpected behaviour"
    },
    {
        "key_string": [
            "The GW-ECU did not send real-time offset broadcast"
        ],
        "regex": [],
        "Summary": "The GW-ECU did not send real-time offset broadcast.",
        "issue": "Unexpected behaviour"
    },
    {
        "key_string": [
            "ResynchronizeSecureTickCountAndRealTimeOffset failed"
        ],
        "regex": [],
        "Summary": "ResynchronizeSecureTickCountAndRealTimeOffset failed.",
        "issue": "Timing Error"
    },
    {
        "key_string": [
            "Shutdown of",
            "ECU not successful"
        ],
        "regex": [],
        "Summary": "Could not shutdown ECU.",
        "issue": "Timing Error"
    },
    {
        "key_string": [
            "Received",
            "Expected",
            "Sync byte"
        ],
        "regex": [],
        "Summary": "Received incorrect Sync Byte.",
        "issue": "Incorrect Response"
    },
    {
        "key_string": [
            "Received inCorrect Time"
        ],
        "regex": [],
        "Summary": "Received Secured_System_Date_and_Time not as Expected.",
        "issue": "Timing Error"
    },
    {
        "key_string": [
            "Received Updated tickcount does not match Expected value"
        ],
        "regex": [],
        "Summary": "Tick count received not as per Mercedes-Benz specification.",
        "issue": "Timing Error"
    },
    {
        "key_string": [
            "Received tickcount does not match the Expected tickcount"
        ],
        "regex": [],
        "Summary": "Received incorrect tick count.",
        "issue": "Timing Error"
    },
    {
        "key_string": [
            "Received tickcount does not match the expected response"
        ],
        "regex": [],
        "Summary": "Tick count received not as per Mercedes-Benz specification.",
        "issue": "Timing Error"
    },
    {
        "key_string": [
            "Received",
            "Expected",
            "ticks"
        ],
        "regex": [],
        "Summary": "Received incorrect tick count.",
        "issue": "Timing Error"
    },
    {
        "key_string": [
            "Nonce received from the ECU from",
            "is same as the nonce received in"
        ],
        "regex": [],
        "Summary": "Nonce received was not as expected.",
        "issue": "Incorrect Response"
    },
    {
        "key_string": [
            "Authentication step \"Verify certificate\"",
            "Received Verification result",
            "Expected Verfication result"
        ],
        "regex": [],
        "Summary": "Verification result was not as expected.",
        "issue": "Authentication Error"
    },
    {
        "key_string": [
            "No tickcount simulation observed on MAIN network.",
            "Cannot proceed with the testcsase"
        ],
        "regex": [],
        "Summary": "No tickcount simulation observed on MAIN network. Cannot proceed with the testcsase",
        "issue": "Timing Error"
    },
    {
        "key_string": [
            "ECU did not start sending Secured Tickcount after 60s."
        ],
        "regex": [],
        "Summary": "ECU did not start sending Secured Tickcount after 60s.",
        "issue": "Response Timeout"
    },
    {
        "key_string": [
            "Received number of TickCount Broadcasts",
            "Expected number of tickcount broadcasts"
        ],
        "regex": [],
        "Summary": "Received and Expected number of tickcounts are different",
        "issue": "Timing Error"
    },
    {
        "key_string": [
            "No Tickcount Broadcast seen on CHASSIS"
        ],
        "regex": [],
        "Summary": "No Tickcount Broadcast seen on CHASSIS",
        "issue": "Timing Error"
    },
    {
        "key_string": [
            "Received",
            "tickcount",
            "Expected"
        ],
        "regex": [],
        "Summary": "ECU is not sending the synchronized tickcount to the sub-bus.",
        "issue": "Timing Error"
    },
    {
        "key_string": [
            "Variant coding certificate",
            "request to ZenZefi failed."
        ],
        "regex": [],
        "Summary": "Variant coding certificate request to ZenZefi failed.",
        "issue": "Authentication Error"
    },
    {
        "key_string": [
            "Received tickcount synchronization status from ECU is not correct.",
            "Received tickcount does not match the Expected tickcount."
        ],
        "regex": [],
        "Summary": "ECU Tickcount synchronization is not coorect",
        "issue": "Timing Error"
    },
    {
        "key_string": [
            "Verification of CMAC for SecOC PDU",
            "failed",
            "times during observation time of"
        ],
        "regex": [],
        "Summary": "Verification of CMAC for SecOC PDU(s) failed.",
        "issue": "Verification Error"
    },
    {
        "key_string": [
            "Log counter did not increase properly"
        ],
        "regex": [],
        "Summary": "Log counter did not increase properly.",
        "issue": "Timing Error"
    },
    {
        "key_string": [
            "SSA version invalid"
        ],
        "regex": [],
        "Summary": "SSA version invalid.",
        "issue": "Unexpected behaviour"
    },
    {
        "key_string": [
            "Received checksum",
            "Expected checksum",
            "do not match"
        ],
        "regex": [],
        "Summary": "Received checksum was not as expected.",
        "issue": "Incorrect Response"
    },
    {
        "key_string": [
            "SecOC key checksums do not match"
        ],
        "regex": [],
        "Summary": "Received SecOC key checksums do not match with Expected SecOC key checksums.",
        "issue": "Unexpected behaviour"
    },
    {
        "key_string": [
            "No certificate matching the criteria available in ZenZefi."
        ],
        "regex": [],
        "Summary": "No certificate matching the criteria available in ZenZefi.",
        "issue": "Authentication Error"
    },
    {
        "key_string": [
            "Received ECU individual ACL candela version",
            "is implausible"
        ],
        "regex": [],
        "Summary": "Received ECU individual ACL candela version is implausible.",
        "issue": "Insufficient Information"
    },
    {
        "key_string": [
            "Verification of received seclog signature with the static ECU public key failed"
        ],
        "regex": [],
        "Summary": "Verification of received seclog signature with the static ECU public key failed.",
        "issue": "Verification Error"
    },
    {
        "key_string": [
            "Backend CA Certificate Identifier does not match the expected"
        ],
        "regex": [],
        "Summary": "Received Backend CA Certificate Identifier does not match the expected.",
        "issue": "Authentication Error"
    },
    {
        "key_string": [
            "Received Series Root CA Certificate does not match the one provided by ZenZefi"
        ],
        "regex": [],
        "Summary": "Received Series Root CA Certificate does not match the one provided by ZenZefi.",
        "issue": "Authentication Error"
    },
    {
        "key_string": [
            "Backend CA Certificate issued by Zenzefi not matching with the received Certificate"
        ],
        "regex": [],
        "Summary": "Backend CA Certificate issued by Zenzefi not matching with the received Certificate.",
        "issue": "Authentication Error"
    },
    {
        "key_string": [
            "No coding DIDs extracted from the ECU.",
            "Received invalid response from the ECU"
        ],
        "regex": [],
        "Summary": "Received invalid response from the ECU, Receieved and Expected value of NRC are different",
        "issue": "Incorrect Response"
    },
    {
        "key_string": [
            "ECU does not have any of the expected Trust Model Root CA Certificate"
        ],
        "regex": [],
        "Summary": "ECU does not have any of the expected Trust Model Root CA Certificate.",
        "issue": "Authentication Error"
    },
    {
        "key_string": [
            "Trust-model Root CA certificate length",
            "Test failed"
        ],
        "regex": [],
        "Summary": "Trust-model Root CA certificate length is not as Expected.",
        "issue": "Authentication Error"
    },
    {
        "key_string": [
            "Received Verification result",
            "Expected Verification result"
        ],
        "regex": [],
        "Summary": "Verification result is not as Expected.",
        "issue": "Authentication Error"
    },
    {
        "key_string": [
            "The diagnostic chain to which ECU belongs is not a required diagnostic chain"
        ],
        "regex": [],
        "Summary": "The diagnostic chain to which ECU belongs is not a required diagnostic chain.",
        "issue": "Authentication Error"
    },
    {
        "key_string": [
            "Backend Certificate verification failed - Invalid Signature"
        ],
        "regex": [],
        "Summary": "Backend Certificate verification failed - Invalid Signature",
        "issue": "Authentication Error"
    },
    {
        "key_string": [
            "Testcase execution not possible."
        ],
        "regex": [
            "This testcase requires \\w+."
        ],
        "Summary": "Testcase execution not possible. ",
        "issue": "Authentication Error"
    },
    {
        "key_string": [
            "No certificate matching the criteria available in ZenZefi"
        ],
        "regex": [],
        "Summary": "No certificate matching the criteria available in ZenZefi.",
        "issue": "Authentication Error"
    },
    {
        "key_string": [
            "Received CSR is not the same as the CSR received"
        ],
        "regex": [],
        "Summary": "Received CSR is not as per MSS10824.",
        "issue": "Incorrect Response"
    },
    {
        "key_string": [
            "Received entry value in the diagnostic response and the parsed value from the received certificate do not match"
        ],
        "regex": [],
        "Summary": "Received entry value in the diagnostic response and the parsed value from the received certificate do not match",
        "issue": "Verification Error"
    },
    {
        "key_string": [
            "Received checksum for SecOC PDU",
            "Expected checksum for SecOC PDU"
        ],
        "regex": [],
        "Summary": "Received checksum for SecOC PDU was not as expected.",
        "issue": "Unexpected behaviour"
    },
    {
        "key_string": [
            "Received checksum for SecOC PDU",
            "Expected new checksum for SecOC PDU",
            "Both the SecOC",
            "do not match"
        ],
        "regex": [],
        "Summary": "Received checksum for SecOC PDU was not as expected.",
        "issue": "Incorrect Response"
    },
    {
        "key_string": [
            "Received Key",
            "Cmac for SecOC PDU",
            "Expected Key"
        ],
        "regex": [],
        "Summary": "Received Key Cmac for SecOC PDU was not as expected.",
        "issue": "Unexpected behaviour"
    },
    {
        "key_string": [
            "Received Key",
            "Cmac for SecOC PDU",
            "Expected new Key",
            "Both the SecOC",
            "do not match"
        ],
        "regex": [],
        "Summary": "Received Key Cmac for SecOC PDU was not as expected.",
        "issue": "Unexpected behaviour"
    },
    {
        "key_string": [
            "Received incorrect Hash"
        ],
        "regex": [],
        "Summary": "Received incorrect Hash",
        "issue": "Incorrect Response"
    },
    {
        "key_string": [
            "Both the SecOC key checksums do not match"
        ],
        "regex": [],
        "Summary": "SecOC PDU was not correctly configured in the ECU.",
        "issue": "Configuration Error"
    },
    {
        "key_string": [
            "Both the SecOC key",
            "do not match"
        ],
        "regex": [],
        "Summary": "SecOC PDU was not correctly configured in the ECU.",
        "issue": "Configuration Error"
    },
    {
        "key_string": [
            "The ECU did not derive car specific secret even after max wait time of 30 seconds."
        ],
        "regex": [],
        "Summary": "The ECU did not derive car specific secret.",
        "issue": "Response Timeout"
    },
    {
        "key_string": [
            "Sending Car-specific secret broadcast",
            "which is valid failed from the Test environment in all the 10 attempts."
        ],
        "regex": [],
        "Summary": "Sending Car-specific secret broadcast failed in all the attempts.",
        "issue": "Response Timeout"
    },
    {
        "key_string": [
            "Sending Realtime offset broadcast with valid CMAC,",
            "payload and truncated freshness failed from the Test environment in all the 10 attempts."
        ],
        "regex": [],
        "Summary": "Sending Realtime offset broadcast with valid CMAC failed all the attempts.",
        "issue": "Authentication Error"
    },
    {
        "key_string": [
            "Received",
            "Expected",
            "ticks"
        ],
        "regex": [],
        "Summary": "Recieved and expected tickounts are not the same",
        "issue": "Timing Error"
    },
    {
        "key_string": [
            "SecOC PDU",
            "was not sent by the ECU though it's a cyclic PDU."
        ],
        "regex": [],
        "Summary": "SecOC PDU was not sent by the ECU though it's a cyclic PDU.",
        "issue": "Timing Error"
    },
    {
        "key_string": [
            "ECU has not reset",
            "the tickcount upon the reception of",
            "Car Specific Secret Broadcast"
        ],
        "regex": [],
        "Summary": "ECU has not reset the tickcount upon the reception of Car Specific Secret Broadcast",
        "issue": "Timing Error"
    },
    {
        "key_string": [
            "No Root Link Certificate matching",
            "the following criteria available in ZenZefi Certificate Type: Time Certificate"
        ],
        "regex": [
            "0x([0-9]+[A-F]+[0-9]+[A-F]+[0-9]+[A-F]+[0-9]+[A-F]+[0-9]+[A-F][0-9]+[A-F]+[0-9]+[A-F][0-9]+)"
        ],
        "Summary": "Authoritiy Key Identifier: ",
        "issue": "Authentication Error"
    },
    {
        "key_string": [
            "Received Backend CA Subject Key Identifier",
            "This Testcase need Backend CA Subject Key Identifier"
        ],
        "regex": [],
        "Summary": "This Testcase need Backend CA Subject Key Identifier",
        "issue": "Insufficient Information"
    },
    {
        "key_string": [
            "No Root Link Certificate matching ",
            "the following criteria available in ZenZefi"
        ],
        "regex": [],
        "Summary": "No root link certificate is matched",
        "issue": "Authentication Error"
    },
    {
        "key_string": [
            "Signing request to ZenZefi failed4."
        ],
        "regex": [],
        "Summary": "Signing request to ZenZefi failed4. ZenZefi error message: No certificate with given serial number found.",
        "issue": "Zenzefi Error"
    },
    {
        "key_string": [
            "The ROE message for DTC",
            "with status",
            "was never sent by the ECU even after the PDU ELC_Remote_Rq_ST3"
        ],
        "regex": [],
        "Summary": "The ROE message was not sent by the ECU.",
        "issue": "Unexpected behaviour"
    },
    {
        "key_string": [
            "The DTC",
            "is not present in the DTC and Status record"
        ],
        "regex": [
            "0x[A-F][0-9]+"
        ],
        "Summary": "The following DTC is not present in Status Record and The DTC: ",
        "issue": "Insufficient Information"
    },
    {
        "key_string": [
            "The DTC",
            "is not present in DTC snapshot record for the ",
            "PDU",
            "after it was sent",
            "times with manipulated CMAC"
        ],
        "regex": [],
        "Summary": "The DTC is not present in DTC snapshot record for the PDU.",
        "issue": "Insufficient Information"
    },
    {
        "key_string": [
            "The DTC",
            "is not present in the DTC snapshot record for the",
            "PDU",
            "even after it was sent",
            "times with manipulated CMAC",
            "It was expected to be set after the PDU was sent"
        ],
        "regex": [],
        "Summary": "The DTC is not present in DTC snapshot record for the PDU.",
        "issue": "Insufficient Information"
    },
    {
        "key_string": [
            "The DTC",
            "is not present in the SecOC environmental data for the ",
            "PDU",
            "even after it was sent",
            "times with manipulated CMAC.",
            "It was expected to be set after the PDU was sent"
        ],
        "regex": [],
        "Summary": "The DTC is not present in DTC snapshot record for the PDU.",
        "issue": "Insufficient Information"
    },
    {
        "key_string": [
            "No tickcount simulation observed on MAIN network.",
            "Cannot proceed with the testcsase"
        ],
        "regex": [
            "0x[A-F][0-9]+"
        ],
        "Summary": "No tickcount simulation observed on MAIN network.",
        "issue": "Timing Error"
    },
    {
        "key_string": [
            "Negative",
            "response",
            "received"
        ],
        "regex": [
            "NRC=0x[0-9a-fA-F]+"
        ],
        "Summary": "Negative response received.",
        "issue": "Unexpected behaviour"
    },
    {
        "key_string": [
            "There is inconsistance in extracted information from"
        ],
        "regex": [],
        "Summary": "There is inconsistance in extracting the information from certain events",
        "issue": "Unexpected behaviour"
    },
    {
        "key_string": [
            "There is inconsistance in extracting",
            "the global counters "
        ],
        "regex": [],
        "Summary": "Failed certificate verification event(0x01) is not detected",
        "issue": "Authentication Error"
    },
    {
        "key_string": [
            "authentication is not happening"
        ],
        "regex": [],
        "Summary": "ECU authentication is not happening",
        "issue": "Authentication Error"
    },
    {
        "key_string": [
            "There is inconsistance in extracting",
            "information of Failed certificate"
        ],
        "regex": [],
        "Summary": "information of Failed certificate verification event failed",
        "issue": "Verification Error"
    },
    {
        "key_string": [
            "Start of logging event is not observed on bus"
        ],
        "regex": [],
        "Summary": "Start of logging event is not observed on bus",
        "issue": "Unexpected behaviour"
    },
    {
        "key_string": [
            "No End of logging is observed",
            "Number of End of logging messages observed from active logging are 0"
        ],
        "regex": [],
        "Summary": "Number of End of logging messages observed from active logging are 0",
        "issue": "Unexpected behaviour"
    },
    {
        "key_string": [
            "There is no Danger of circular buffer event observed on bus"
        ],
        "regex": [],
        "Summary": "There is no Danger of circular buffer event observed on bus.",
        "issue": "Timing Error"
    },
    {
        "key_string": [
            "The Global event counter values for \"Number of change of VIN events\"",
            "is not same as expected. "
        ],
        "regex": [],
        "Summary": "values for \"Number of change of VIN events\" is not same",
        "issue": "Unexpected behaviour"
    },
    {
        "key_string": [
            "Atleast one VIN change event has to be available in buffer"
        ],
        "regex": [],
        "Summary": "Atleast one VIN change event has to be available in buffer",
        "issue": "Authentication Error"
    },
    {
        "key_string": [
            "Successful authentication",
            "enhance rights event available in event log"
        ],
        "regex": [],
        "Summary": "The current number of events is equal to 0",
        "issue": "Unexpected behaviour"
    },
    {
        "key_string": [
            "The rights management event buffer is Empty even after last event"
        ],
        "regex": [],
        "Summary": "The rights management event buffer is Empty even after last event",
        "issue": "Unexpected behaviour"
    },
    {
        "key_string": [
            "The Successful_Diagnostic_Service_Execution event",
            "buffer is empty even after executing replace crt service"
        ],
        "regex": [],
        "Summary": "The Successful_Diagnostic_Service_Execution event buffer is empty.",
        "issue": "Unexpected behaviour"
    },
    {
        "key_string": [
            "Expected certificate verification failure",
            ",but ECU responded with Verification result"
        ],
        "regex": ["result 0x\\d+"],
        "Summary": "Expected certificate verification failure ,but ECU responded with Verification ",
        "issue": "Authentication Error"
    },
    {
        "key_string": [
            "The Event buffer for the \"Failed Certificate Verification\" event is empty "
        ],
        "regex": [],
        "Summary": "The Event buffer for the \"Failed Certificate Verification\" event is empty",
        "issue": "Authentication Error"
    },
    {
        "key_string": [
            "Atleast one Successful authentication and enhance rights",
            "event should be available but the current number of events is 0"
        ],
        "regex": [],
        "Summary": "Successful authentication and enhance rights event is 0",
        "issue": "Unexpected behaviour"
    }
]