[
    {
        "key_string": [
            "Negative response received",
            "Conditions Not Correct"
        ],
        "regex": [
            "[0-9a-fA-F]{2} [0-9a-fA-F]{2} [0-9a-fA-F]{2}"
        ],
        "Summary": "Negative response received: Conditions Not Correct:",
        "issue": "Incorrect Response"
    },
    {
        "key_string": [
            "Negative response received"
        ],
        "regex": [],
        "Summary": "Negative response received.",
        "issue": "Incorrect Response"
    },
    {
        "key_string": [
            "Ethernet link didn't change to down and up again, so DUT did not make a reset."
        ],
        "regex": [],
        "Summary": "Ethernet link didn't change to down and up again, so DUT did not make a reset.",
        "issue": "Network"
    },
    {
        "key_string": [
            "Timeout occurred",
            "does not send any CAN frame"
        ],
        "regex": [],
        "Summary": "DUT did not send any CAN frames.",
        "issue": "Response Timeout"
    },
    {
        "key_string": [
            "Timeout occurred",
            "No diagnostic response received"
        ],
        "regex": [],
        "Summary": "Did not receive any diagnostic response.",
        "issue": "Response Timeout"
    },
    {
        "key_string": [
            "ECU Extract Version is not equal"
        ],
        "regex": [],
        "Summary": "ECU Extract Version is not equal to the Extract version used for the test.",
        "issue": "Configuration Error"
    },
    {
        "key_string": [
            "ECU Extract Version",
            "not as expected"
        ],
        "regex": [],
        "Summary": "ECU Extract Version is not equal to the Extract version used for the test.",
        "issue": "Configuration Error"
    },
    {
        "key_string": [
            "DUT woke up and sent CAN frames after power on."
        ],
        "regex": [],
        "Summary": "DUT established communication after power on",
        "issue": "Configuration Error"
    },
    {
        "key_string": [
            "DoIP connection could not be established"
        ],
        "regex": [],
        "Summary": "Problem in establishing DOIP connection.",
        "issue": "Configuration Error"
    },
    {
        "key_string": [
            "unknown Source IPv4 address"
        ],
        "regex": [
            "\\d+\\.\\d+\\.\\d+\\.\\d+"
        ],
        "Summary": "The Ethernet packet received has an unknown Source IPv4 address",
        "issue": "Network Error"
    },
    {
        "key_string": [
            "invalid VLAN-ID"
        ],
        "regex": [
            "VLAN-ID \\d+"
        ],
        "Summary": "The Ethernet packet has an invalid VLAN-ID.",
        "issue": "Configuration Error"
    },
    {
        "key_string": [
            "wrong frame priority",
            "ethernet packet"
        ],
        "regex": [],
        "Summary": "Ethernet packet(s) had the wrong frame priority.",
        "issue": "Incorrect Response"
    },
    {
        "key_string": [
            "The Ethernet link was not established before the DUT communicates"
        ],
        "regex": [],
        "Summary": "The Ethernet link was not established before the DUT communicates.",
        "issue": "Network Error"
    },
    {
        "key_string": [
            "UDP-Offer Service for service",
            "not received"
        ],
        "regex": [],
        "Summary": "UDP-Offer Service for service was not received.",
        "issue": "Network Error"
    },
    {
        "key_string": [
            "DUT does not send any Ethernet packet"
        ],
        "regex": [],
        "Summary": "DUT does not send any Ethernet packet.",
        "issue": "Network Error"
    },
    {
        "key_string": [
            "with not allowed Ethernet protocol"
        ],
        "regex": [],
        "Summary": "Not allowed ethernet packets received",
        "issue": "Configuration Error"
    },
    {
        "key_string": [
            "TCP-Offer Service for service",
            "not received"
        ],
        "regex": [],
        "Summary": "TCP-Offer Service for service was not received.",
        "issue": "Network Error"
    },
    {
        "key_string": [
            "Control Bit Vector",
            "is not correct"
        ],
        "regex": [],
        "Summary": "Received Control Bit Vector in NM PDU is not correct.",
        "issue": "Incorrect Response"
    },
    {
        "key_string": [
            "DUT did not enter state"
        ],
        "regex": [
            "\\w+_\\w+"
        ],
        "Summary": "DUT did not enter expected state in time.",
        "issue": "Timing errors"
    },
    {
        "key_string": [
            "The Cyclic-PDU",
            "was not received within"
        ],
        "regex": [],
        "Summary": "Cyclic-PDU was not received within time.",
        "issue": "Timing errors"
    },
    {
        "key_string": [
            "sent only one NM PDU"
        ],
        "regex": [],
        "Summary": "DUT sent only one NM PDU.",
        "issue": "Network Error"
    },
    {
        "key_string": [
            "did not send any NM PDU"
        ],
        "regex": [],
        "Summary": "DUT did not send any NM PDU.",
        "issue": "Response Timeout"
    },
    {
        "key_string": [
            "sends its NM PDU after stop sending the simulated NM PDU, although its PNC gateway type is"
        ],
        "regex": [],
        "Summary": "DUT sends its NM PDU after stop sending the simulated NM PDU.",
        "issue": "Network Error"
    },
    {
        "key_string": [
            "was not received within"
        ],
        "regex": [
            "\\w+-PDU"
        ],
        "Summary": "PDU was not received within time.",
        "issue": "Timing errors"
    },
    {
        "key_string": [
            "Measured time",
            "is not OK",
            "valid range"
        ],
        "regex": [],
        "Summary": "Cycle time is not within the valid range",
        "issue": "Timing errors"
    },
    {
        "key_string": [
            "DUT entered state",
            "although its PNC gateway type is"
        ],
        "regex": [],
        "Summary": "The DUT didn't send all NM PDUs with the correct cycle time.",
        "issue": "Timing errors"
    },
    {
        "key_string": [
            "DUT did not send any application PDU"
        ],
        "regex": [],
        "Summary": "DUT did not send any application PDU.",
        "issue": "Response Timeout"
    },
    {
        "key_string": [
            "DUT did not abort state"
        ],
        "regex": [],
        "Summary": "DUT did not abort state",
        "issue": "Configuration Error"
    },
    {
        "key_string": [
            "DUT sent only one NM frame"
        ],
        "regex": [],
        "Summary": "DUT sent only one NM frame.",
        "issue": "Configuration Error"
    },
    {
        "key_string": [
            "Restart detected"
        ],
        "regex": [],
        "Summary": "No communication after restart.",
        "issue": "Unexpected Behaviour"
    },
    {
        "key_string": [
            "DUT does not send its NM PDU"
        ],
        "regex": [],
        "Summary": "DUT does not send its NM PDU.",
        "issue": "Response Timeout"
    },
    {
        "key_string": [
            "No NM PDU",
            "was received"
        ],
        "regex": [],
        "Summary": "No NM PDU was received.",
        "issue": "Network Error"
    },
    {
        "key_string": [
            "DUT went offline at timestamp"
        ],
        "regex": [],
        "Summary": "DUT went offline.",
        "issue": "Unexpected Behaviour"
    },
    {
        "key_string": [
            "DUT does not send any FlexRay frame"
        ],
        "regex": [],
        "Summary": "DUT does not send any FlexRay frame.",
        "issue": "Response Timeout"
    },
    {
        "key_string": [
            "Unused space in PDU",
            "is not set to logical 1"
        ],
        "regex": [],
        "Summary": "Unused space in PDU is not set to logical 1",
        "issue": "Incorrect Response"
    },
    {
        "key_string": [
            "Cycle Time of ",
            "is too low"
        ],
        "regex": [],
        "Summary": "Cycle Time of PDU is not in expected range.",
        "issue": "Timing errors"
    },
    {
        "key_string": [
            "Cycle Time of ",
            "is too high"
        ],
        "regex": [],
        "Summary": "Cycle Time of PDU is not in expected range.",
        "issue": "Timing errors"
    },
    {
        "key_string": [
            "-PDU",
            "received",
            "times",
            "times with error",
            "with cycle time"
        ],
        "regex": [],
        "Summary": "PDU(s) received with error.",
        "issue": "Network Error"
    },
    {
        "key_string": [
            "PDU-Header-ID",
            "is unknown"
        ],
        "regex": [],
        "Summary": "Unknown PDU(s) received.",
        "issue": "Configuration Error"
    },
    {
        "key_string": [
            "PDU",
            "was not sent"
        ],
        "regex": [],
        "Summary": "PDU(s) was not sent although it was expected.",
        "issue": "Unexpected Behaviour"
    },
    {
        "key_string": [
            "PDU",
            "was received",
            "with wrong length"
        ],
        "regex": [],
        "Summary": "Received PDU has incorrect length.",
        "issue": "Configuration Error"
    },
    {
        "key_string": [
            "PDU",
            "is empty"
        ],
        "regex": [],
        "Summary": "Received PDU is empty.",
        "issue": "Configuration Error"
    },
    {
        "key_string": [
            "PDU",
            "at timestamp",
            "was not transmitted within correct time"
        ],
        "regex": [],
        "Summary": "PDU was not transmitted within correct time.",
        "issue": "Timing errors"
    },
    {
        "key_string": [
            "PDU",
            "was not transmitted within TMessageStart"
        ],
        "regex": [],
        "Summary": "PDU was not transmitted within expected TMessageStart time.",
        "issue": "Timing errors"
    },
    {
        "key_string": [
            "Cyclic-On-Change-PDU",
            "was last received at",
            "Next reception was expected by"
        ],
        "regex": [],
        "Summary": "Cyclic-On-Change-PDU cycle time analysis failed.",
        "issue": "Timing errors"
    },
    {
        "key_string": [
            "Cyclic-PDU",
            "was last received"
        ],
        "regex": [],
        "Summary": "Cyclic-On-Change-PDU cycle time analysis failed.",
        "issue": "Timing errors"
    },
    {
        "key_string": [
            "Length of PDU",
            "is not correct"
        ],
        "regex": [],
        "Summary": "Received PDU length is not correct.",
        "issue": "Incorrect Response"
    },
    {
        "key_string": [
            "has not sent any NM PDU within defined time frame"
        ],
        "regex": [],
        "Summary": "DUT has not sent any NM PDU within defined time frame.",
        "issue": "Timing errors"
    },
    {
        "key_string": [
            "not sent any NM PDU."
        ],
        "regex": [],
        "Summary": "DUT has not sent any NM PDU.",
        "issue": "Network Error"
    },
    {
        "key_string": [
            "After being woken up",
            "DUT has set the following PNC bits"
        ],
        "regex": [],
        "Summary": "DUT set some PNC bits after being woken up.",
        "issue": "Configuration Error"
    },
    {
        "key_string": [
            "DUT does set PNC bits in its NM PDU"
        ],
        "regex": [],
        "Summary": "DUT set some PNC bits after being woken up.",
        "issue": "Configuration Error"
    },
    {
        "key_string": [
            "PDU",
            "was received",
            "it is mapped to at least one partial network"
        ],
        "regex": [],
        "Summary": "PDU was received although it is mapped to at least one partial network.",
        "issue": "Configuration Error"
    },
    {
        "key_string": [
            "PDU",
            "was not received",
            "although its transmit type is"
        ],
        "regex": [],
        "Summary": "Expected PDU(s) were not received.",
        "issue": "Incorrect Response"
    },
    {
        "key_string": [
            "Requested PDU",
            "was not received",
            "its transmit type is"
        ],
        "regex": [],
        "Summary": "Requested PDU(s) were not received.",
        "issue": "Incorrect Response"
    },
    {
        "key_string": [
            "PDU",
            "was received",
            "it is not mapped to the requested partial network"
        ],
        "regex": [],
        "Summary": "PDU was received although it is not mapped to the requested partial network.",
        "issue": "Configuration Error"
    },
    {
        "key_string": [
            "DUT does not mirror PNC bits in its NM PDU correctly"
        ],
        "regex": [],
        "Summary": "DUT does not mirror PNC bits in its NM PDU correctly.",
        "issue": "Unexpected Behaviour"
    },
    {
        "key_string": [
            "No application PDU received."
        ],
        "regex": [],
        "Summary": "No application PDU received.",
        "issue": "Network Error"
    },
    {
        "key_string": [
            "DUT stopped the transmission of its NM PDU"
        ],
        "regex": [],
        "Summary": "DUT stopped the transmission of its NM PDU.",
        "issue": "Network Error"
    },
    {
        "key_string": [
            "The stay awake reason",
            "is already set"
        ],
        "regex": [
            "\\\"\\w+\\\""
        ],
        "Summary": "The stay awake reason is already set:",
        "issue": "Configuration Error"
    },
    {
        "key_string": [
            "The stay awake reason",
            "is not set"
        ],
        "regex": [
            "\\\"\\w+\\\""
        ],
        "Summary": "The stay awake reason is not set:",
        "issue": "Configuration Error"
    },
    {
        "key_string": [
            "The received wakeup reason",
            "is not correct"
        ],
        "regex": [],
        "Summary": "Received incorrect wakeup reason.",
        "issue": "Configuration Error"
    },
    {
        "key_string": [
            "ECU-State PDU",
            "was not received"
        ],
        "regex": [],
        "Summary": "ECU-State PDU was not received.",
        "issue": "Incorrect Response"
    },
    {
        "key_string": [
            "Timeout occurred",
            "DUT does not send its ECU-State PDU"
        ],
        "regex": [],
        "Summary": "DUT does not send its ECU-State PDU",
        "issue": "Response Timeout"
    },
    {
        "key_string": [
            "Received SQC value",
            "is not correct"
        ],
        "regex": [],
        "Summary": "Received incorrect SQC value.",
        "issue": "Configuration Error"
    },
    {
        "key_string": [
            "contains an AUTOSAR End-to-End Profile",
            "protected signal group."
        ],
        "regex": [],
        "Summary": "PDU contains an AUTOSAR End-to-End protected signal group.",
        "issue": "Configuration Error"
    },
    {
        "key_string": [
            "No ARP reply for IP Address"
        ],
        "regex": [],
        "Summary": "No ARP reply for IP Address.",
        "issue": "Configuration Error"
    },
    {
        "key_string": [
            "No ARP reply received by"
        ],
        "regex": [],
        "Summary": "No ARP reply received for IP Address. No measurement possible",
        "issue": "Configuration Error"
    },
    {
        "key_string": [
            "UDP-Service",
            "was not offered",
            "per multicast."
        ],
        "regex": [],
        "Summary": "UDP service was not offered per multicast.",
        "issue": "Network Error"
    },
    {
        "key_string": [
            "UDP-Service",
            "was not offered",
            "per unicast."
        ],
        "regex": [],
        "Summary": "UDP service was not offered per unicast.",
        "issue": "Network Error"
    },
    {
        "key_string": [
            "TCP-Service",
            "was not offered",
            "per multicast."
        ],
        "regex": [],
        "Summary": "TCP service was not offered per multicast.",
        "issue": "Network Error"
    },
    {
        "key_string": [
            "TCP-Service",
            "was not offered",
            "per unicast."
        ],
        "regex": [],
        "Summary": "TCP service was not offered per unicast.",
        "issue": "Network Error"
    },
    {
        "key_string": [
            "Service",
            "Eventgroup: ",
            "was received"
        ],
        "regex": [],
        "Summary": "Service(s) for eventgroup were received.",
        "issue": "Network Error"
    },
    {
        "key_string": [
            "No subscribe message from",
            "received for TCP-Service"
        ],
        "regex": [],
        "Summary": "No subscribe message from DUT received for TCP-Service",
        "issue": "Network Error"
    },
    {
        "key_string": [
            "No subscribe message from",
            "received for UDP-Service",
            "Eventgroup:"
        ],
        "regex": [],
        "Summary": "No subscribe message from DUT received for UDP-Service",
        "issue": "Network Error"
    },
    {
        "key_string": [
            "No further Offer Service for service",
            "was expected at"
        ],
        "regex": [],
        "Summary": "No further Offer Service for service was expected.",
        "issue": "Network Error"
    },
    {
        "key_string": [
            "Find Service for service",
            "was only sent by"
        ],
        "regex": [],
        "Summary": "Find Service for service(s) was not offered by DUT for expected number of times.",
        "issue": "Network Error"
    },
    {
        "key_string": [
            "Service: ",
            "was not offered within the correct time"
        ],
        "regex": [],
        "Summary": "Service(s) was not offered within the correct time.",
        "issue": "Timing errors"
    },
    {
        "key_string": [
            "Service",
            "was not searched by",
            "within the correct time."
        ],
        "regex": [],
        "Summary": "Service(s) were not searched by DUT within the correct time.",
        "issue": "Network Error"
    },
    {
        "key_string": [
            "offered an unknown service"
        ],
        "regex": [],
        "Summary": "DUT offered unknown service(s).",
        "issue": "Configuration Error"
    },
    {
        "key_string": [
            "searched for an unknown service"
        ],
        "regex": [],
        "Summary": "DUT searched for unknown service(s).",
        "issue": "Configuration Error"
    },
    {
        "key_string": [
            "No response",
            "UDP",
            "Service"
        ],
        "regex": [],
        "Summary": "No response received for UDP service(s)",
        "issue": "Network Error"
    },
    {
        "key_string": [
            "UDP-Service",
            "was not searched"
        ],
        "regex": [],
        "Summary": "DUT did not search for some UDP services",
        "issue": "Network Error"
    },
    {
        "key_string": [
            "TCP-Service",
            "was not searched"
        ],
        "regex": [],
        "Summary": "DUT did not search for some TCP services",
        "issue": "Network Error"
    },
    {
        "key_string": [
            "No Offer Service messages per unicast received"
        ],
        "regex": [],
        "Summary": "No Offer Service messages per unicast received.",
        "issue": "Network Error"
    },
    {
        "key_string": [
            "No response received for UDP-Service"
        ],
        "regex": [],
        "Summary": "Failure in all eventgroups subscription",
        "issue": "Response Timeout"
    },
    {
        "key_string": [
            "DUT did not send any subscribe eventgroup messages for offered services"
        ],
        "regex": [],
        "Summary": "DUT did not send any subscribe eventgroup messages for offered services.",
        "issue": "Network Error"
    },
    {
        "key_string": [
            "Cycle Time of Offer Service"
        ],
        "regex": [],
        "Summary": "Cycle Time of Offer Service is too high.",
        "issue": "Timing errors"
    },
    {
        "key_string": [
            "Cycle Time of Find Service"
        ],
        "regex": [],
        "Summary": "Cycle Time of Offer Service is not within the range.",
        "issue": "Timing errors"
    },
    {
        "key_string": [
            "Offer Service for service"
        ],
        "regex": [],
        "Summary": "Cycle Time of Offer Service is not within the range.",
        "issue": "Timing errors"
    },
    {
        "key_string": [
            "DUT sent only one Find Service for service"
        ],
        "regex": [],
        "Summary": "DUT sent only one Find Service for service.",
        "issue": "Configuration Error"
    },
    {
        "key_string": [
            "No response received for TCP-Service"
        ],
        "regex": [],
        "Summary": "No response received for TCP-Service.",
        "issue": "Response Timeout"
    },
    {
        "key_string": [
            "No NM frame received"
        ],
        "regex": [],
        "Summary": "Did not receive NM frame.",
        "issue": "Network Error"
    },
    {
        "key_string": [
            "frame id",
            "unknwon"
        ],
        "regex": [],
        "Summary": "Frame ID is unknown.",
        "issue": "Configuration Error"
    },
    {
        "key_string": [
            "ecu id",
            "unknwon"
        ],
        "regex": [],
        "Summary": "ECU ID is unknown.",
        "issue": "Configuration Error"
    },
    {
        "key_string": [
            "ecu id",
            "incorrect"
        ],
        "regex": [],
        "Summary": "ECU ID is incorrect.",
        "issue": "Configuration Error"
    },
    {
        "key_string": [
            "network id",
            "incorrect"
        ],
        "regex": [],
        "Summary": "Received Network ID is incorrect.",
        "issue": "Configuration Error"
    },
    {
        "key_string": [
            "Wait bus sleep time",
            "out of range"
        ],
        "regex": [],
        "Summary": "Wait bus sleep time is out of range.",
        "issue": "Timing errors"
    },
    {
        "key_string": [
            "Measured time",
            "CANNM_MSG_CYCLE_TIME",
            "not OK"
        ],
        "regex": [],
        "Summary": "Measured time CANNM_MSG_CYCLE_TIME is not OK",
        "issue": "Timing errors"
    },
    {
        "key_string": [
            "Measured time",
            "CANNM_REPEAT_MESSAGE_TIME",
            "not OK"
        ],
        "regex": [],
        "Summary": "Measured time CANNM_REPEAT_MESSAGE_TIME is not OK",
        "issue": "Timing errors"
    },
    {
        "key_string": [
            "repeat message time",
            "not in valid range"
        ],
        "regex": [],
        "Summary": "Repeat message time is not in valid range.",
        "issue": "Timing errors"
    },
    {
        "key_string": [
            "No WUDOP PDU",
            "received"
        ],
        "regex": [],
        "Summary": "Did not receive WUDOP PDU.",
        "issue": "Configuration Error"
    },
    {
        "key_string": [
            "Validation",
            "certification ownership",
            "failed"
        ],
        "regex": [],
        "Summary": "Validation of certificate ownership failed.",
        "issue": "Configuration Error"
    }
]