[
    {
        "key_string": [
            "Did not get the expected Routing Activation Response from",
            "Expeced :",
            "Received :"
        ],
        "regex": [],
        "Summary": "Did not get the expected Routing Activation Response from the ECU.",
        "issue": "Received Incorrect Activation Response"
    },
    {
        "key_string": [
            "Expected Response from the ECU",
            "But did not get any response"
        ],
        "regex": [],
        "Summary": "Did not get any response from ECU for Diag Request",
        "issue": "Diag Response not received"
    },
    {
        "key_string": [
            "Expecting an alert, but none was received"
        ],
        "regex": [],
        "Summary": "TLS alert was expected, but no alert was received.",
        "issue": "TLS alert not received"
    },
    {
        "key_string": [
            "TLS Alert was expected",
            "But no alert is received"
        ],
        "regex": [],
        "Summary": "TLS alert was expected, but no alert was received.",
        "issue": "TLS alert not received"
    },
    {
        "key_string": [
            "Received a TLS Alert during the handshake",
            "Alert Level",
            "Description"
        ],
        "regex": [
            "Alert Level: \\w+",
            "Description: \\w+"
        ],
        "Summary": "Received a TLS Alert during the handshake. ",
        "issue": "TLS Handshake error"
    },
    {
        "key_string": [
            "Received a TLS Alert during the handshake"
        ],
        "regex": [],
        "Summary": "Received a TLS Alert during the handshake.",
        "issue": "TLS Handshake error"
    },
    {
        "key_string": [
            "Received incorrect TLS Alert Configuration",
            "Received Alert Level",
            "expected Alert Level",
            "Received Alert Description",
            "expected Alert Description"
        ],
        "regex": [
            "Received Alert Level : \\w+",
            "expected Alert Level: \\w+",
            "Received Alert Description: \\w+",
            "expected Alert Description: \\w+"
        ],
        "Summary": "Received incorrect TLS Alert Configuration.",
        "issue": "Unknown"
    },
    {
        "key_string": [
            "A Cryptographic exception was thrown and the Handshake cannot be completed"
        ],
        "regex": [],
        "Summary": "A Cryptographic exception was thrown and the Handshake cannot be completed.",
        "issue": "TLS Handshake error"
    },
    {
        "key_string": [
            "A Handshake exception was thrown and the Handshake cannot be completed",
            "Handshake Result: Error",
            "Exchanged handshake message",
            "ServerHelloDone"
        ],
        "regex": [],
        "Summary": "TLS Handshake did not complete successfully. Server certificate was not sent.",
        "issue": "TLS Handshake error"
    },
    {
        "key_string": [
            "TLS Handshake did not complete successfully",
            "Handshake Result: Error",
            "Exchanged handshake message",
            "ServerHelloDone"
        ],
        "regex": [],
        "Summary": "TLS Handshake did not complete successfully. Server certificate was not sent.",
        "issue": "TLS Handshake error"
    },
    {
        "key_string": [
            "Preliminary Handshake failed",
            "Handshake Result: Error",
            "Exchanged handshake message",
            "ServerHelloDone"
        ],
        "regex": [],
        "Summary": "TLS Handshake did not complete successfully. Server certificate was not sent.",
        "issue": "TLS Handshake error"
    },
    {
        "key_string": [
            "Expected Alert Level",
            "Received incorrect TLS Alert Configuration",
            "Alert Description",
            "UnexpectedMessage",
            "Alert Level"
        ],
        "regex": [],
        "Summary": "Received incorrect TLS Alert Configuration",
        "issue": "Received Incorrect TLS alert"
    }
]